USE [Cheviot Police Station]

INSERT INTO StaffPosition VALUES ('SP001', 'Detective'),
								 ('SP002', 'Police'),
								 ('SP003', 'Judge'),
								 ('SP004', 'Lawyer'),
								 ('SP005', 'Forensic Specialist'),
								 ('SP006', 'Pathologist'),
								 ('SP007', 'Cybercrime Investigator')

INSERT INTO Staff VALUES ('ST001', 'SP001', 'Norah Hegerty', 			'701-979-4983', '1 Esker Crossing', 		'Male'),
						 ('ST002', 'SP002', 'Hilarius Brazel', 			'503-230-8728', '86214 Oxford Park', 		'Female'),
						 ('ST003', 'SP003', 'Sallyann Bifield', 		'634-799-2659', '4 Randy Alley', 			'Female'),
						 ('ST004', 'SP004', 'Mitzi Caldes', 			'616-943-2395', '07 Continental Center', 	'Female'),
						 ('ST005', 'SP005', 'Alena Bezemer', 			'861-394-1202', '5452 Bowman Alley', 		'Male'),
						 ('ST006', 'SP006', 'Gabbie Metterick', 		'985-530-9442', '6 International Way', 		'Female'),
						 ('ST007', 'SP001', 'Derwin Doddrell', 			'688-783-7695', '34449 Continental Plaza', 	'Male'),
						 ('ST008', 'SP002', 'Clarinda Starmore', 		'877-620-1516', '7779 Butternut Way', 		'Male'),
						 ('ST009', 'SP003', 'Mae Caveney', 				'913-592-9169', '33 East Avenue', 			'Female'),
						 ('ST010', 'SP004', 'Justina Packe', 			'572-455-6094', '79 Manufacturers Road', 	'Female'),
						 ('ST011', 'SP005', 'Dre Hitzmann', 			'127-122-9021', '3475 3rd Terrace', 		'Male'),
						 ('ST012', 'SP006', 'Luciana Brade', 			'665-535-3951', '71 Onsgard Place', 		'Male'),
						 ('ST013', 'SP001', 'Pietro Vooght', 			'467-372-3984', '00 Forest Dale Way', 		'Female'),
						 ('ST014', 'SP002', 'Modestine Bare', 			'493-382-5413', '9 Shopko Terrace', 		'Male'),
						 ('ST015', 'SP003', 'Jervis McGrey', 			'604-227-7230', '21 Huxley Point', 			'Male'),
						 ('ST016', 'SP004', 'Joanie Lavallin', 			'975-860-2865', '40933 Spenser Court', 		'Female'),
						 ('ST017', 'SP005', 'Flinn McLafferty', 		'122-790-7949', '21 Mosinee Center', 		'Male'),
						 ('ST018', 'SP006', 'Gordie Guillou', 			'225-199-1990', '433 Lindbergh Park', 		'Female'),
						 ('ST019', 'SP001', 'Monica Thurley', 			'592-902-9462', '815 Nevada Circle', 		'Female'),
						 ('ST020', 'SP002', 'Geoff Linzee', 			'158-365-8995', '7 Schurz Trail', 			'Female'),
						 ('ST021', 'SP003', 'Celina MacMichael', 		'920-402-0503', '7 Comanche Parkway', 		'Male'),
						 ('ST022', 'SP004', 'Upton Gossop', 			'549-330-1163', '8581 Randy Center', 		'Male'),
						 ('ST023', 'SP005', 'Charles Clarke-Williams', 	'637-578-7608', '949 Anhalt Crossing', 		'Male'),
						 ('ST024', 'SP006', 'Rae Bachs', 				'182-563-5046', '328 Monica Court', 		'Male'),
						 ('ST025', 'SP001', 'Rhianon Fleischer', 		'323-775-1012', '7515 Mayfield Street', 	'Female'),
						 ('ST026', 'SP002', 'Phedra Phlippsen', 		'713-476-0996', '15 Surrey Drive', 			'Male'),
						 ('ST027', 'SP003', 'Dedie Carp', 				'378-769-2608', '0949 Eastwood Street', 	'Male'),
						 ('ST028', 'SP004', 'Papageno Martindale', 		'106-844-1402', '366 Shasta Place', 		'Female'),
						 ('ST029', 'SP005', 'Tabatha Zylbermann', 		'120-465-9277', '1192 Dayton Road', 		'Male'),
						 ('ST030', 'SP006', 'Mychal Kopta', 			'623-177-8729', '88 Clarendon Lane', 		'Female'),
						 ('ST031', 'SP007', 'Burch McDuall',			'386-595-4797', '20 Cody Plaza',			'Male'),
						 ('ST032', 'SP007', 'Lenka Murrill',			'959-394-5270', '4 Saint Paul Way',			'Female'),
						 ('ST033', 'SP007', 'Allina Downs',				'969-554-6226', '02614 Havey Lane',			'Male'),
						 ('ST034', 'SP007', 'Gabriellia Habershaw',		'697-562-3217', '01 Esch Plaza',			'Male'),
						 ('ST035', 'SP007', 'Ekaterina Greville',		'979-899-6114', '49464 Forest Place',		'Female')

INSERT INTO CaseType VALUES ('CT001', 'Murder'),
							('CT002', 'Cybercrime'),
							('CT003', 'White-Collar Crime'),
							('CT004', 'Drug'),
							('CT005', 'Terrorism'),
							('CT006', 'Foreign Counterintelligence')

INSERT INTO CaseHeader VALUES ('CA001', 'CT001', '2020-10-12', '2021-04-27', 	'Finish', 		176.7958307, 	-39.644114),
							  ('CA002', 'CT002', '2020-05-19', '2021-01-30', 	'Finish', 		2.1222327, 		48.7212066),
							  ('CA003', 'CT003', '2020-11-27', NULL, 			'Pending', 		40.1168906, 	-3.2191864),
							  ('CA004', 'CT004', '2020-07-11', '2021-03-02', 	'Finish', 		26.9786398, 	42.71068),
							  ('CA005', 'CT005', '2020-04-22', '2021-05-30', 	'Finish', 		13.8459307, 	50.6999479),
							  ('CA006', 'CT006', '2021-03-24', NULL, 			'On Going', 	118.421214, 	31.630613),
							  ('CA007', 'CT001', '2020-12-02', '2021-03-15', 	'Finish', 		116.0460867, 	29.4837527),
							  ('CA008', 'CT002', '2020-06-13', '2021-06-12', 	'Finish', 		122.348936, 	40.400611),
							  ('CA009', 'CT003', '2020-11-19', '2021-03-27', 	'Finish', 		-74.448357, 	-13.02483),
							  ('CA010', 'CT004', '2020-11-10', '2021-04-23', 	'Finish', 		-69.9844492,	18.4701829),
							  ('CA011', 'CT005', '2020-07-27', '2021-04-22', 	'Finish', 		111.2517127, 	-7.0511949),
							  ('CA012', 'CT006', '2020-04-02', '2020-07-04', 	'Finish', 		108.957345, 	19.238934),
							  ('CA013', 'CT001', '2020-11-13', NULL, 			'Pending', 		104.5658605, 	46.6199614),
							  ('CA014', 'CT002', '2020-11-05', '2021-01-30', 	'Finish', 		-89.8270894, 	13.5957),
							  ('CA015', 'CT003', '2021-01-14', '2020-05-02', 	'Finish', 		113.74595, 		23.090823),
							  ('CA016', 'CT004', '2020-11-24', NULL, 			'On Going', 	123.9136675, 	-10.1749074),
							  ('CA017', 'CT002', '2020-05-31', '2021-04-14', 	'Finish', 		116.943665, 	32.728228),
							  ('CA018', 'CT006', '2021-01-26', '2021-05-24', 	'Finish', 		121.0286448, 	14.6440549),
							  ('CA019', 'CT001', '2021-05-20', NULL, 			'On Going',		16.5102565, 	59.3781172),
							  ('CA020', 'CT002', '2021-01-02', '2021-06-20', 	'Finish', 		111.485304, 	24.134518)

INSERT INTO CaseDetail VALUES ('CA001', 'ST001'),
							  ('CA001', 'ST007'),
							  ('CA001', 'ST002'),
							  ('CA001', 'ST008'),
							  ('CA001', 'ST014'),
							  ('CA001', 'ST005'),
							  ('CA001', 'ST006'),
							  ('CA001', 'ST034'),
							  ('CA001', 'ST020'),
							  ('CA002', 'ST031'),
							  ('CA002', 'ST032'),
							  ('CA002', 'ST033'),
							  ('CA002', 'ST023'),
							  ('CA002', 'ST026'),
							  ('CA002', 'ST014'),
							  ('CA003', 'ST019'),
							  ('CA003', 'ST025'),
							  ('CA003', 'ST002'),
							  ('CA003', 'ST008'),
							  ('CA003', 'ST034'),
							  ('CA003', 'ST035'),
							  ('CA004', 'ST014'),
							  ('CA004', 'ST020'),
							  ('CA004', 'ST026'),
							  ('CA004', 'ST023'),
							  ('CA004', 'ST029'),
							  ('CA004', 'ST002'),
							  ('CA005', 'ST002'),
							  ('CA005', 'ST008'),
							  ('CA005', 'ST014'),
							  ('CA005', 'ST020'),
							  ('CA005', 'ST026'),
							  ('CA005', 'ST031'),
							  ('CA005', 'ST032'),
							  ('CA005', 'ST033'),
							  ('CA005', 'ST024'),
							  ('CA005', 'ST030'),
							  ('CA005', 'ST005'),
							  ('CA005', 'ST017'),
							  ('CA005', 'ST023'),
							  ('CA006', 'ST034'),
							  ('CA006', 'ST035'),
							  ('CA006', 'ST002'),
							  ('CA006', 'ST008'),
							  ('CA006', 'ST014'),
							  ('CA006', 'ST020'),
							  ('CA007', 'ST001'),
							  ('CA007', 'ST013'),
							  ('CA007', 'ST019'),
							  ('CA007', 'ST002'),
							  ('CA007', 'ST008'),
							  ('CA007', 'ST014'),
							  ('CA007', 'ST020'),
							  ('CA007', 'ST017'),
							  ('CA007', 'ST029'),
							  ('CA007', 'ST006'),
							  ('CA007', 'ST035'),
							  ('CA008', 'ST031'),
							  ('CA008', 'ST032'),
							  ('CA008', 'ST033'),
							  ('CA008', 'ST026'),
							  ('CA008', 'ST020'),
							  ('CA009', 'ST001'),
							  ('CA009', 'ST002'),
							  ('CA009', 'ST034'),
							  ('CA009', 'ST035'),
							  ('CA009', 'ST033'),
							  ('CA009', 'ST019'),
							  ('CA009', 'ST020'),
							  ('CA009', 'ST026'),
							  ('CA010', 'ST013'),
							  ('CA010', 'ST014'),
							  ('CA010', 'ST020'),
							  ('CA010', 'ST026'),
							  ('CA010', 'ST034'),
							  ('CA011', 'ST002'),
							  ('CA011', 'ST008'),
							  ('CA011', 'ST014'),
							  ('CA011', 'ST020'),
							  ('CA011', 'ST026'),
							  ('CA011', 'ST019'),
							  ('CA011', 'ST025'),
							  ('CA011', 'ST005'),
							  ('CA011', 'ST029'),
							  ('CA011', 'ST024'),
							  ('CA011', 'ST034'),
							  ('CA011', 'ST035'),
							  ('CA012', 'ST001'),
							  ('CA012', 'ST008'),
							  ('CA012', 'ST002'),
							  ('CA012', 'ST026'),
							  ('CA012', 'ST014'),
							  ('CA012', 'ST020'),
							  ('CA012', 'ST005'),
							  ('CA012', 'ST017'),
							  ('CA012', 'ST034'),
							  ('CA013', 'ST002'),
							  ('CA013', 'ST008'),
							  ('CA013', 'ST020'),
							  ('CA013', 'ST031'),
							  ('CA013', 'ST025'),
							  ('CA013', 'ST023'),
							  ('CA013', 'ST029'),
							  ('CA013', 'ST030'),
							  ('CA014', 'ST031'),
							  ('CA014', 'ST032'),
							  ('CA014', 'ST033'),
							  ('CA014', 'ST026'),
							  ('CA014', 'ST020'),
							  ('CA014', 'ST008'),
							  ('CA015', 'ST031'),
							  ('CA015', 'ST034'),
							  ('CA015', 'ST033'),
							  ('CA015', 'ST013'),
							  ('CA015', 'ST001'),
							  ('CA015', 'ST026'),
							  ('CA015', 'ST008'),
							  ('CA015', 'ST014'),
							  ('CA016', 'ST002'),
							  ('CA016', 'ST026'),
							  ('CA016', 'ST014'),
							  ('CA016', 'ST032'),
							  ('CA016', 'ST005'),
							  ('CA016', 'ST017'),
							  ('CA016', 'ST006'),
							  ('CA017', 'ST031'),
							  ('CA017', 'ST033'),
							  ('CA017', 'ST035'),
							  ('CA017', 'ST020'),
							  ('CA017', 'ST014'),
							  ('CA018', 'ST002'),
							  ('CA018', 'ST014'),
							  ('CA018', 'ST020'),
							  ('CA018', 'ST032'),
							  ('CA018', 'ST034'),
							  ('CA019', 'ST001'),
							  ('CA019', 'ST025'),
							  ('CA019', 'ST002'),
							  ('CA019', 'ST020'),
							  ('CA019', 'ST026'),
							  ('CA019', 'ST005'),
							  ('CA019', 'ST011'),
							  ('CA019', 'ST006'),
							  ('CA019', 'ST031'),
							  ('CA019', 'ST032'),
							  ('CA020', 'ST033'),
							  ('CA020', 'ST034'),
							  ('CA020', 'ST035'),
							  ('CA020', 'ST020'),
							  ('CA020', 'ST014')

INSERT INTO Suspect VALUES ('SU001', 'CA001', 'Brandie Klosser', 		'48 Surrey Street', 			'781-811-2292', 'Male',		'Not Guilty'),
						   ('SU002', 'CA001', 'Nissy Targett', 			'8 Colorado Court', 			'797-210-7465', 'Male',		'Not Guilty'),
						   ('SU003', 'CA001', 'Selig McLean', 			'63 Mallard Plaza', 			'448-888-4551', 'Female',	'Not Guilty'),
						   ('SU004', 'CA001', 'Shawna Stagge', 			'720 Holy Cross Trail', 		'751-372-1541', 'Female',	'Guilty'),
						   ('SU005', 'CA001', 'Bald Berzon', 			'4 Barby Circle', 				'206-321-7597', 'Female',	'Not Guilty'),
						   ('SU006', 'CA001', 'Grover Giacomini', 		'8385 Main Road', 				'777-608-2218', 'Male',		'Not Guilty'),
						   ('SU007', 'CA001', 'Karlik Lenz', 			'185 Northport Place', 			'517-950-7494', 'Female',	'Not Guilty'),
						   ('SU008', 'CA002', 'Susana Woodburne', 		'54895 Northfield Avenue', 		'342-608-2397', 'Male',		'Not Guilty'),
						   ('SU009', 'CA002', 'Deni Fishly', 			'9878 Memorial Hill', 			'146-562-8812', 'Female',	'Not Guilty'),
						   ('SU010', 'CA002', 'Rutter Sherrott', 		'007 Clarendon Trail', 			'187-577-5314', 'Male',		'Guilty'),
						   ('SU011', 'CA002', 'Dayna Bythway', 			'71585 Pawling Alley', 			'266-475-2559', 'Female',	'Guilty'),
						   ('SU012', 'CA002', 'Thea Platfoot', 			'4921 Longview Way', 			'488-352-6146', 'Female',	'Not Guilty'),
						   ('SU013', 'CA003', 'Abbe Costell', 			'515 Division Terrace', 		'122-449-1632', 'Female',	'Not Guilty'),
						   ('SU014', 'CA003', 'Ryun Benes', 			'37492 Lighthouse Bay Way', 	'274-131-3592', 'Female',	'Not Guilty'),
						   ('SU015', 'CA003', 'Agnola Beattie', 		'0164 Schurz Terrace', 			'985-690-7845', 'Female',	'Not Gulty'),
						   ('SU016', 'CA003', 'Merrill Ritmeyer', 		'02460 Banding Alley', 			'555-204-7220', 'Male',		'Pending'),
						   ('SU017', 'CA003', 'Lissi Eyer', 			'035 Lindbergh Alley', 			'983-683-1490', 'Male',		'Pending'),
						   ('SU018', 'CA003', 'Fernando Magauran', 		'3561 Fremont Street', 			'464-760-6819', 'Male',		'Not Guilty'),
						   ('SU019', 'CA004', 'Jyoti Comben', 			'765 Shelley Point', 			'766-596-7312', 'Male',		'Not Guilty'),
						   ('SU020', 'CA004', 'Nannette Boler', 		'85572 Jenifer Trail', 			'467-105-1914', 'Male',		'Not Guilty'),
						   ('SU021', 'CA004', 'Dolores Peat', 			'3577 Esker Junction', 			'632-199-3340', 'Male',		'Guilty'),
						   ('SU022', 'CA004', 'Olenolin Bartke', 		'0093 Northwestern Street', 	'616-705-1064', 'Female',	'Not Guilty'),
						   ('SU023', 'CA005', 'Marnia Potten', 			'3861 Dapin Avenue', 			'562-978-5675', 'Female',	'Guilty'),
						   ('SU024', 'CA005', 'Holmes Pifford', 		'31155 4th Court', 				'611-162-3602', 'Female',	'Not Guilty'),
						   ('SU025', 'CA005', 'Lind Zimmermeister', 	'139 Superior Alley', 			'920-733-5872', 'Male',		'Not Guilty'),
						   ('SU026', 'CA005', 'Vinnie Lafflin', 		'1 Badeau Point', 				'308-324-4281', 'Male',		'Guilty'),
						   ('SU027', 'CA005', 'Chan Jobes', 			'5856 Hansons Court', 			'994-306-6515', 'Male',		'Guilty'),
						   ('SU028', 'CA005', 'Rolando Wyard', 			'76 Fordem Court', 				'860-429-6723', 'Female',	'Guilty'),
						   ('SU029', 'CA005', 'Brodie Duddan', 			'585 Birchwood Circle', 		'944-954-3110', 'Female',	'Not Guilty'),
						   ('SU030', 'CA005', 'Aurore Creddon', 		'4 Texas Avenue', 				'227-181-1998', 'Female',	'Not Guilty'),
						   ('SU031', 'CA006', 'Gui Rogeron', 			'4 Annamark Way', 				'218-937-0261', 'Female',	'Pending'),
						   ('SU032', 'CA007', 'Rodrique Grundell', 		'07 Gateway Road', 				'866-706-3082', 'Male',		'Guilty'),
						   ('SU033', 'CA007', 'Barr Meltetal', 			'99840 Old Shore Drive', 		'441-224-2018', 'Female',	'Not Guilty'),
						   ('SU034', 'CA008', 'Joleen Koles', 			'905 Michigan Terrace', 		'319-871-6143', 'Female',	'Guilty'),
						   ('SU035', 'CA008', 'Herculie Fanthom', 		'5501 Florence Trail', 			'174-920-3757', 'Female',	'Not Guilty'),
						   ('SU036', 'CA008', 'Shoshana Pietraszek', 	'9 Mallory Pass', 				'925-263-5158', 'Male',		'Not Guilty'),
						   ('SU037', 'CA009', 'Jakob Lias', 			'460 Novick Street', 			'310-877-3941', 'Female',	'Not Guilty'),
						   ('SU038', 'CA009', 'Katheryn Knoles', 		'5476 Granby Road', 			'867-941-2469', 'Male',		'Guilty'),
						   ('SU039', 'CA009', 'Javier Bushaway', 		'85 Heffernan Terrace', 		'496-657-5207', 'Male',		'Guilty'),
						   ('SU040', 'CA009', 'Cosmo Mellmoth', 		'7065 Eastlawn Way', 			'796-100-3419', 'Male',		'Not Guilty'),
						   ('SU041', 'CA010', 'Dale Rumney', 			'4193 Northridge Point', 		'456-896-5299', 'Female',	'Guilty'),
						   ('SU042', 'CA011', 'Reinold Coggon', 		'33 Sycamore Circle', 			'445-420-2206', 'Male',		'Guilty'),
						   ('SU043', 'CA011', 'Nessa Ingman', 			'0 Atwood Avenue', 				'302-410-3159', 'Male',		'Guilty'),
						   ('SU044', 'CA011', 'Tomasine Tweede', 		'18 Lindbergh Hill', 			'716-128-3220', 'Male',		'Guilty'),
						   ('SU045', 'CA011', 'Lennie Ceschini', 		'20986 Hansons Court', 			'983-695-5771', 'Male',		'Not Guilty'),
						   ('SU046', 'CA012', 'Fayette Setchell', 		'3 Jenna Lane', 				'195-217-5684', 'Female',	'Guilty'),
						   ('SU047', 'CA012', 'Ferdinande Muckley', 	'9 Waxwing Plaza', 				'160-359-5728', 'Male',		'Guilty'),
						   ('SU048', 'CA013', 'Reinwald Kloss',	 		'01 Texas Court', 				'895-934-9053', 'Female',	'Not Guilty'),
						   ('SU049', 'CA013', 'Ichabod Reignolds', 		'1 Forest Run Road', 			'402-719-5153', 'Female',	'Pending'),
						   ('SU050', 'CA013', 'Giusto Scown', 			'13 Blackbird Parkway', 		'572-332-6982', 'Female',	'Pending'),
						   ('SU051', 'CA014', 'Issy Clulow', 			'0615 Beilfuss Terrace', 		'471-330-8735', 'Female',	'Guilty'),
						   ('SU052', 'CA014', 'Royce Hendrichs', 		'22 Westerfield Point', 		'706-308-5971', 'Male',		'Guilty'),
						   ('SU053', 'CA014', 'Denis Duesbury', 		'6291 Fairview Road', 			'641-919-2019', 'Male',		'Not Guilty'),
						   ('SU054', 'CA015', 'Asia Shufflebotham', 	'06233 American Ash Circle', 	'277-147-9740', 'Male',		'Guilty'),
						   ('SU055', 'CA015', 'Nerte Hackforth', 		'57256 Sheridan Avenue', 		'139-781-7694', 'Female',	'Guilty'),
						   ('SU056', 'CA015', 'Vanya Boschmann', 		'4323 Ludington Court', 		'760-180-0654', 'Male',		'Guilty'),
						   ('SU057', 'CA015', 'Demetra Yendall', 		'1802 Kim Road', 				'542-323-6535', 'Female',	'Not Guilty'),
						   ('SU058', 'CA015', 'Glen Flewett', 			'0 Ryan Pass', 					'315-190-9136', 'Female',	'Not Guilty'),
						   ('SU059', 'CA015', 'Deonne Fakeley', 		'30046 Kings Circle', 			'498-420-0045', 'Male',		'Not Guilty'),
						   ('SU060', 'CA016', 'Micky Brigdale', 		'05552 Vermont Court', 			'910-621-2496', 'Male',		'Pending'),
						   ('SU061', 'CA016', 'Anders Allcoat', 		'3 Acker Lane', 				'289-455-1819', 'Male',		'Pending'),
						   ('SU062', 'CA017', 'Siouxie Lockhart', 		'48453 Old Gate Road', 			'195-790-4055', 'Female',	'Not Guilty'),
						   ('SU063', 'CA017', 'Spenser O''Keaveny', 	'7 Kim Crossing', 				'242-665-9550', 'Female',	'Guilty'),
						   ('SU064', 'CA018', 'Daisey Slane', 			'4455 Muir Center', 			'508-659-4569', 'Female',	'Guilty'),
						   ('SU065', 'CA019', 'Jaimie Allabarton', 		'4055 Maple Junction', 			'441-813-0709', 'Male',		'Pending'),
						   ('SU066', 'CA019', 'Alayne Nehl', 			'92 Lakewood Gardens Lane', 	'960-100-5537', 'Male',		'Not Guilty'),
						   ('SU067', 'CA019', 'Rosalind Linkleter', 	'0 Glacier Hill Crossing', 		'791-536-1078', 'Female',	'Guilty'),
						   ('SU068', 'CA020', 'Guthrie Siaspinski', 	'9915 Sullivan Trail', 			'302-445-4963', 'Female',	'Guilty'),
						   ('SU069', 'CA020', 'Jill Wooderson', 		'84 Caliangt Way', 				'168-313-2751', 'Female',	'Not Guilty'),
						   ('SU070', 'CA020', 'Robbi Leslie', 			'36 Fairview Junction', 		'506-581-9814', 'Male',		'Guilty')

INSERT INTO Trial VALUES ('TR001', 'CA001', 'ST003', '2020-10-14'),
						 ('TR002', 'CA001', 'ST003', '2020-12-11'),
						 ('TR003', 'CA001', 'ST003', '2021-02-22'),
						 ('TR004', 'CA001', 'ST003', '2021-02-25'),
						 ('TR005', 'CA001', 'ST003', '2021-04-26'),
						 ('TR006', 'CA002', 'ST009', '2020-05-21'),
						 ('TR007', 'CA002', 'ST009', '2020-07-15'),
						 ('TR008', 'CA002', 'ST009', '2020-09-30'),
						 ('TR009', 'CA002', 'ST009', '2020-10-16'),
						 ('TR010', 'CA002', 'ST009', '2020-11-20'),
						 ('TR011', 'CA002', 'ST009', '2020-12-13'),
						 ('TR012', 'CA002', 'ST009', '2021-01-25'),
						 ('TR013', 'CA003', 'ST015', '2020-12-04'),
						 ('TR014', 'CA003', 'ST015', '2021-02-19'),
						 ('TR015', 'CA003', 'ST015', '2021-04-21'),
						 ('TR016', 'CA003', 'ST015', '2021-06-19'),
						 ('TR017', 'CA003', 'ST015', '2021-07-19'),
						 ('TR018', 'CA004', 'ST021', '2020-07-20'),
						 ('TR019', 'CA004', 'ST021', '2020-09-26'),
						 ('TR020', 'CA004', 'ST021', '2020-11-22'),
						 ('TR021', 'CA004', 'ST021', '2020-12-06'),
						 ('TR022', 'CA004', 'ST021', '2021-01-15'),
						 ('TR023', 'CA004', 'ST021', '2021-02-27'),
						 ('TR024', 'CA005', 'ST027', '2020-05-01'),
						 ('TR025', 'CA005', 'ST027', '2020-07-26'),
						 ('TR026', 'CA005', 'ST027', '2020-08-19'),
						 ('TR027', 'CA005', 'ST027', '2020-10-22'),
						 ('TR028', 'CA005', 'ST027', '2020-12-05'),
						 ('TR029', 'CA005', 'ST027', '2021-01-30'),
						 ('TR030', 'CA005', 'ST027', '2021-04-03'),
						 ('TR031', 'CA005', 'ST027', '2021-05-22'),
						 ('TR032', 'CA006', 'ST003', '2021-04-02'),
						 ('TR033', 'CA006', 'ST003', '2021-06-11'),
						 ('TR034', 'CA006', 'ST003', '2021-07-03'),
						 ('TR035', 'CA007', 'ST009', '2020-12-10'),
						 ('TR036', 'CA007', 'ST009', '2021-01-25'),
						 ('TR037', 'CA007', 'ST009', '2021-02-12'),
						 ('TR038', 'CA007', 'ST009', '2021-02-22'),
						 ('TR039', 'CA007', 'ST009', '2021-03-01'),
						 ('TR040', 'CA008', 'ST015', '2020-06-30'),
						 ('TR041', 'CA008', 'ST015', '2020-09-03'),
						 ('TR042', 'CA008', 'ST015', '2020-11-10'),
						 ('TR043', 'CA008', 'ST015', '2021-02-10'),
						 ('TR044', 'CA008', 'ST015', '2021-05-01'),
						 ('TR045', 'CA008', 'ST015', '2021-06-03'),
						 ('TR046', 'CA009', 'ST021', '2020-11-23'),
						 ('TR047', 'CA009', 'ST021', '2021-02-02'),
						 ('TR048', 'CA009', 'ST021', '2021-03-20'),
						 ('TR049', 'CA010', 'ST027', '2020-11-16'),
						 ('TR050', 'CA010', 'ST027', '2021-01-25'),
						 ('TR051', 'CA010', 'ST027', '2021-03-11'),
						 ('TR052', 'CA010', 'ST027', '2021-04-03'),
						 ('TR053', 'CA011', 'ST003', '2020-08-04'),
						 ('TR054', 'CA011', 'ST003', '2020-10-01'),
						 ('TR055', 'CA011', 'ST003', '2020-10-29'),
						 ('TR056', 'CA011', 'ST003', '2020-12-06'),
						 ('TR057', 'CA011', 'ST003', '2021-01-06'),
						 ('TR058', 'CA011', 'ST003', '2021-01-31'),
						 ('TR059', 'CA011', 'ST003', '2021-03-02'),
						 ('TR060', 'CA011', 'ST003', '2021-04-01'),
						 ('TR061', 'CA012', 'ST009', '2020-04-12'),
						 ('TR062', 'CA012', 'ST009', '2020-06-02'),
						 ('TR063', 'CA012', 'ST009', '2020-06-26'),
						 ('TR064', 'CA012', 'ST009', '2020-07-01'),
						 ('TR065', 'CA013', 'ST015', '2020-11-16'),
						 ('TR066', 'CA013', 'ST015', '2021-03-11'),
						 ('TR067', 'CA013', 'ST015', '2021-05-03'),
						 ('TR068', 'CA013', 'ST015', '2021-05-29'),
						 ('TR069', 'CA013', 'ST015', '2021-06-30'),
						 ('TR070', 'CA013', 'ST015', '2021-07-25'),
						 ('TR071', 'CA014', 'ST021', '2020-12-02'),
						 ('TR072', 'CA014', 'ST021', '2020-12-28'),
						 ('TR073', 'CA014', 'ST021', '2021-01-17'),
						 ('TR074', 'CA015', 'ST027', '2020-01-20'),
						 ('TR075', 'CA015', 'ST027', '2020-03-02'),
						 ('TR076', 'CA015', 'ST027', '2020-03-11'),
						 ('TR077', 'CA015', 'ST027', '2020-04-25'),
						 ('TR078', 'CA016', 'ST003', '2020-12-02'),
						 ('TR079', 'CA016', 'ST003', '2020-12-25'),
						 ('TR080', 'CA016', 'ST003', '2021-01-28'),
						 ('TR081', 'CA016', 'ST003', '2021-02-12'),
						 ('TR082', 'CA016', 'ST003', '2021-05-15'),
						 ('TR083', 'CA016', 'ST003', '2021-05-25'),
						 ('TR084', 'CA016', 'ST003', '2021-06-03'),
						 ('TR085', 'CA016', 'ST003', '2021-07-01'),
						 ('TR086', 'CA017', 'ST009', '2020-06-03'),
						 ('TR087', 'CA017', 'ST009', '2020-09-26'),
						 ('TR088', 'CA017', 'ST009', '2020-12-26'),
						 ('TR089', 'CA017', 'ST009', '2021-02-16'),
						 ('TR090', 'CA017', 'ST009', '2021-04-02'),
						 ('TR091', 'CA018', 'ST015', '2021-02-04'),
						 ('TR092', 'CA018', 'ST015', '2021-03-28'),
						 ('TR093', 'CA018', 'ST015', '2021-05-19'),
						 ('TR094', 'CA019', 'ST021', '2021-06-13'),
						 ('TR095', 'CA019', 'ST021', '2021-07-09'),
						 ('TR096', 'CA020', 'ST027', '2021-01-06'),
						 ('TR097', 'CA020', 'ST027', '2021-04-23'),
						 ('TR098', 'CA020', 'ST027', '2021-04-30'),
						 ('TR099', 'CA020', 'ST027', '2021-05-18'),
						 ('TR100', 'CA020', 'ST027', '2021-06-07')

INSERT INTO Victim VALUES ('VI001', 'CA001', 'Stefa Warboys', 		'6163 Kensington Junction', 	'Female'),
						  ('VI002', 'CA001', 'Tyler Ebenezer', 		'6 Erie Alley', 				'Female'),
						  ('VI003', 'CA001', 'Kristos Molder', 		'11 Hanson Street', 			'Male'),
						  ('VI004', 'CA001', 'Gerta Ladbrook', 		'81 Quincy Avenue', 			'Female'),
						  ('VI005', 'CA001', 'Micheal Turland', 	'27323 Kenwood Drive', 			'Male'),
						  ('VI006', 'CA002', 'Orly Wackly', 		'56087 Waywood Junction', 		'Female'),
						  ('VI007', 'CA002', 'Orel Kick', 			'94 Milwaukee Way', 			'Female'),
						  ('VI008', 'CA002', 'Tracy Helian', 		'44991 Caliangt Plaza', 		'Female'),
						  ('VI009', 'CA002', 'Nelli Chiene', 		'0960 Beilfuss Way', 			'Female'),
						  ('VI010', 'CA002', 'Hali Becken', 		'72 Vera Trail', 				'Female'),
						  ('VI011', 'CA004', 'Elisabeth Barreau', 	'6062 Moulton Court', 			'Female'),
						  ('VI012', 'CA004', 'Thedrick Elijah', 	'4804 Pearson Hill', 			'Female'),
						  ('VI013', 'CA005', 'Beniamino Maddin', 	'64932 Clove Circle', 			'Male'),
						  ('VI014', 'CA005', 'Catherina Giacoppo', 	'9 Chinook Pass', 				'Female'),
						  ('VI015', 'CA005', 'Joe Sedworth', 		'225 Monica Place', 			'Female'),
						  ('VI016', 'CA005', 'Thadeus Willmett', 	'33184 Becker Place', 			'Male'),
						  ('VI017', 'CA005', 'Chaddie Kleuer', 		'88 Chive Crossing', 			'Female'),
						  ('VI018', 'CA005', 'Jana Truitt', 		'42418 Dottie Terrace', 		'Female'),
						  ('VI019', 'CA005', 'Jarrod Dalmon', 		'3628 Ohio Street', 			'Female'),
						  ('VI020', 'CA005', 'Harriott Hay', 		'2576 Lerdahl Parkway', 		'Male'),
						  ('VI021', 'CA006', 'Averill Callis', 		'28603 Union Place', 			'Female'),
						  ('VI022', 'CA007', 'Bondie Writer', 		'184 Sauthoff Park', 			'Male'),
						  ('VI023', 'CA007', 'Shem Petkovic', 		'2 Corscot Center', 			'Male'),
						  ('VI024', 'CA007', 'Melisande Lindbergh', '24 Gale Parkway', 				'Female'),
						  ('VI025', 'CA007', 'Waverley Theurer', 	'2 Forest Run Place', 			'Female'),
						  ('VI026', 'CA008', 'Devinne McRoberts', 	'2903 Nobel Parkway', 			'Male'),
						  ('VI027', 'CA008', 'Gretel Mesias', 		'30 Lindbergh Lane', 			'Female'),
						  ('VI028', 'CA008', 'Braden Ellwand', 		'3352 New Castle Plaza', 		'Male'),
						  ('VI029', 'CA008', 'Emylee Dubbin', 		'472 Pond Alley', 				'Female'),
						  ('VI030', 'CA008', 'Constancia Jepson', 	'42883 Bellgrove Center', 		'Female'),
						  ('VI031', 'CA008', 'Megen Pavett', 		'52716 Bay Parkway', 			'Female'),
						  ('VI032', 'CA008', 'Charlton Regelous', 	'16 Drewry Hill', 				'Female'),
						  ('VI033', 'CA008', 'Fax Fulop', 			'76 Golf Course Point', 		'Female'),
						  ('VI034', 'CA008', 'Fleming Amery', 		'1 Sutteridge Crossing', 		'Female'),
						  ('VI035', 'CA008', 'Montgomery Tonn', 	'6 Sutherland Lane', 			'Male'),
						  ('VI036', 'CA010', 'Shina Ingold', 		'10 Vera Park', 				'Male'),
						  ('VI037', 'CA010', 'Teddie Waddoups', 	'1 Gerald Street', 				'Male'),
						  ('VI038', 'CA011', 'Bryce Tolworthy', 	'941 Hovde Terrace', 			'Male'),
						  ('VI039', 'CA011', 'Merry Hagston', 		'4 Westridge Center', 			'Female'),
						  ('VI040', 'CA011', 'Nero Pottle', 		'77 Columbus Center', 			'Male'),
						  ('VI041', 'CA011', 'Orsola Aldrin', 		'436 Packers Park', 			'Female'),
						  ('VI042', 'CA011', 'Hughie Marshland', 	'1885 Logan Avenue', 			'Female'),
						  ('VI043', 'CA011', 'Luella Siggers', 		'9093 Oak Street', 				'Male'),
						  ('VI044', 'CA011', 'Bobbi Kunzler', 		'6 Victoria Way', 				'Female'),
						  ('VI045', 'CA011', 'Andeee Peachment', 	'15 Melrose Drive', 			'Male'),
						  ('VI046', 'CA011', 'Carmencita Rosberg', 	'80740 Claremont Terrace', 		'Female'),
						  ('VI047', 'CA011', 'Jazmin Tidridge', 	'80 Ohio Point', 				'Male'),
						  ('VI048', 'CA011', 'Keriann Jerams', 		'64 Stephen Place', 			'Female'),
						  ('VI049', 'CA011', 'Ramona Baythrop', 	'04341 Mockingbird Plaza', 		'Female'),
						  ('VI050', 'CA011', 'Mildrid Vasyutin', 	'86 Mallard Point', 			'Female'),
						  ('VI051', 'CA013', 'Sal Wylie', 			'8 Del Mar Street', 			'Male'),
						  ('VI052', 'CA013', 'Elli Tatham', 		'9448 Glacier Hill Lane', 		'Male'),
						  ('VI053', 'CA013', 'Wren Baxill', 		'4333 Main Point', 				'Female'),
						  ('VI054', 'CA014', 'Gerrie Cubuzzi', 		'952 Clyde Gallagher Center', 	'Male'),
						  ('VI055', 'CA014', 'Tobye Tolcher', 		'88 Ryan Road', 				'Female'),
						  ('VI056', 'CA014', 'Grady Bernardo', 		'10 Hoffman Plaza', 			'Male'),
						  ('VI057', 'CA014', 'Mela Reynish', 		'19 Autumn Leaf Circle', 		'Female'),
						  ('VI058', 'CA014', 'Renard Howie', 		'96 Esker Parkway', 			'Female'),
						  ('VI059', 'CA016', 'Lind Habershaw', 		'9 Spaight Center', 			'Male'),
						  ('VI060', 'CA016', 'Gigi Vero', 			'5 Arkansas Way', 				'Female'),
						  ('VI061', 'CA017', 'Ingeberg Otton', 		'33315 Blaine Way', 			'Female'),
						  ('VI062', 'CA017', 'Twyla Taaffe', 		'91999 Northwestern Road', 		'Male'),
						  ('VI063', 'CA017', 'Andrei Barrott', 		'06 Vahlen Point', 				'Male'),
						  ('VI064', 'CA019', 'Nata Ivanikhin', 		'470 Jenifer Street', 			'Female'),
						  ('VI065', 'CA019', 'Minnaminnie Chapleo', '956 Forest Dale Hill', 		'Female'),
						  ('VI066', 'CA019', 'Emma Dudden', 		'91 Mifflin Plaza', 			'Female'),
						  ('VI067', 'CA019', 'Selma Harling', 		'52878 Fair Oaks Avenue', 		'Female'),
						  ('VI068', 'CA020', 'Shandeigh Sidebotham','1566 Saint Paul Pass', 		'Female'),
						  ('VI069', 'CA020', 'Boot Baumer', 		'0293 Ruskin Park', 			'Male'),
						  ('VI070', 'CA020', 'Falkner McCahill', 	'040 High Crossing Alley', 		'Male')

INSERT INTO Evidence VALUES ('EV001', 'CA001', 'Knives', 			57.6240731, 	-20.0207751),
							('EV002', 'CA001', 'Gloves', 			-50.7317774, 	-21.9221397),
							('EV003', 'CA002', 'Browsing History', 	117.3616476, 	39.3433574),
							('EV004', 'CA002', 'Videos', 			23.802873, 		37.8334351),
							('EV005', 'CA002', 'Image', 			40.2950699, 	45.1099574),
							('EV006', 'CA003', 'Paper', 			29.5078015, 	-29.7108776),
							('EV007', 'CA004', 'Stimulant', 		106.23546, 		34.71421),
							('EV008', 'CA004', 'Depressant', 		32.771328, 		56.2249698),
							('EV009', 'CA005', 'Explosive Residue', 114.236875, 	22.556499),
							('EV010', 'CA005', 'Video', 			45.3666914, 	40.9863643),
							('EV011', 'CA005', 'Image', 			113.343022, 	22.838345),
							('EV012', 'CA006', 'Video', 			11.9118588, 	57.690939),
							('EV013', 'CA006', 'Passport Data', 	100.1947477, 	6.4387946),
							('EV014', 'CA007', 'Gun', 				-104.9933772, 	39.7446895),
							('EV015', 'CA007', 'Gloves', 			69.2281531, 	33.6042793),
							('EV016', 'CA007', 'Alcohol', 			22.4510542, 	40.946869),
							('EV017', 'CA007', 'Bullet Casing', 	121.6224914, 	14.5682829),
							('EV018', 'CA008', 'Malware', 			59.9651904, 	41.8368737),
							('EV019', 'CA008', 'Image', 			17.09514, 		61.2698079),
							('EV020', 'CA009', 'Image', 			-1.1202549, 	52.2679288),
							('EV021', 'CA009', 'Documents', 		-79.033333, 	-7.35),
							('EV022', 'CA010', 'Injection', 		19.621588, 		49.8922979),
							('EV023', 'CA010', 'Heroin', 			114.513012, 	32.203072),
							('EV024', 'CA011', 'Explosive Residue', -52.1708052, 	-22.5306158),
							('EV025', 'CA011', 'Video', 			23.6799766, 	39.1251493),
							('EV026', 'CA012', 'Passport Data', 	12.0586546, 	57.7306723),
							('EV027', 'CA012', 'Image', 			16.7076821, 	51.2701042),
							('EV028', 'CA013', 'Hammer', 			-87.1711922, 	14.8921247),
							('EV029', 'CA013', 'DNA', 				-79.0517936, 	-8.1448805),
							('EV030', 'CA013', 'Fingerprints', 		130.4001656, 	32.2084468),
							('EV031', 'CA014', 'Fingerprints', 		112.757558, 	-7.294983),
							('EV032', 'CA014', 'Virus', 			-75.698571, 	8.797145),
							('EV033', 'CA015', 'Documents', 		118.511235, 	28.901462),
							('EV034', 'CA015', 'Fingerprints', 		138.9363063, 	35.0725969),
							('EV035', 'CA016', 'Powder Cocaine', 	108.0261901, 	-7.0549155),
							('EV036', 'CA016', 'DNA', 				46.7655746, 	39.8265279),
							('EV037', 'CA016', 'MDMA', 				21.4332317, 	42.4008473),
							('EV038', 'CA017', 'Browse History', 	-8.8018715, 	40.4583824),
							('EV039', 'CA017', 'Video', 			37.4827996, 	55.7942138),
							('EV040', 'CA018', 'Personal Data', 	116.9646378, 	-8.5011336),
							('EV041', 'CA018', 'Image', 			120.855089, 	30.397162),
							('EV042', 'CA018', 'Fingerprints', 		136.7483601, 	36.6753224),
							('EV043', 'CA019', 'Gun', 				120.6947551, 	31.3115396),
							('EV044', 'CA019', 'Gloves', 			103.40391, 		3.9671435),
							('EV045', 'CA019', 'Bullet Casing', 	18.11328, 		52.75378),
							('EV046', 'CA019', 'Gunshot Residue', 	96.0891032, 	21.9588282),
							('EV047', 'CA019', 'DNA', 				56.2666455, 	27.1832216),
							('EV048', 'CA019', 'Fingerprints', 		5.1841395, 		52.0296117),
							('EV049', 'CA020', 'IP Address', 		100.5072582, 	13.7387938),
							('EV050', 'CA020', 'Video', 			120.0141251, 	-4.6633041)